"Longitude (x)","Latitude (y)","Station Name","Climate ID","Date/Time","Year","Month","Day","Data Quality","Max Temp (°C)","Max Temp Flag","Min Temp (°C)","Min Temp Flag","Mean Temp (°C)","Mean Temp Flag","Heat Deg Days (°C)","Heat Deg Days Flag","Cool Deg Days (°C)","Cool Deg Days Flag","Total Rain (mm)","Total Rain Flag","Total Snow (cm)","Total Snow Flag","Total Precip (mm)","Total Precip Flag","Snow on Grnd (cm)","Snow on Grnd Flag","Dir of Max Gust (10s deg)","Dir of Max Gust Flag","Spd of Max Gust (km/h)","Spd of Max Gust Flag"
"-79.63","43.68","TORONTO INTL A","6158731","2023-01-01","2023","01","01","","4.2","","2.2","","3.2","","14.8","","0.0","","2.8","","0.0","T","2.8","","","","26","","38",""
"-79.63","43.68","TORONTO INTL A","6158731","2023-01-02","2023","01","02","","5.1","","1.9","","3.5","","14.5","","0.0","","0.0","","0.0","","0.0","","","","30","","31",""
"-79.63","43.68","TORONTO INTL A","6158731","2023-01-03","2023","01","03","","4.0","","0.4","","2.2","","15.8","","0.0","","4.0","","0.0","","4.0","","","","","M","","M"
"-79.63","43.68","TORONTO INTL A","6158731","2023-01-04","2023","01","04","","3.7","","2.1","","2.9","","15.1","","0.0","","20.8","","0.0","","20.8","","","","7","","35",""
"-79.63","43.68","TORONTO INTL A","6158731","2023-01-05","2023","01","05","","4.2","","2.3","","3.3","","14.7","","0.0","","1.2","","0.0","","1.2","","","","22","","34",""
"-79.63","43.68","TORONTO INTL A","6158731","2023-01-06","2023","01","06","","4.2","","1.5","","2.9","","15.1","","0.0","","0.2","","0.0","","0.2","","","","27","","35",""
"-79.63","43.68","TORONTO INTL A","6158731","2023-01-07","2023","01","07","","2.1","","-5.0","","-1.5","","19.5","","0.0","","0.0","","0.0","T","0.0","T","","","34","","36",""
"-79.63","43.68","TORONTO INTL A","6158731","2023-01-08","2023","01","08","","-2.2","","-5.9","","-4.1","","22.1","","0.0","","0.0","","0.0","T","0.0","T","","","","M","","M"
"-79.63","43.68","TORONTO INTL A","6158731","2023-01-09","2023","01","09","","1.2","","-2.8","","-0.8","","18.8","","0.0","","0.0","T","0.0","","0.0","T","","","28","","45",""
"-79.63","43.68","TORONTO INTL A","6158731","2023-01-10","2023","01","10","","0.8","","-2.4","","-0.8","","18.8","","0.0","","0.0","","0.0","","0.0","","","","","M","","M"
"-79.63","43.68","TORONTO INTL A","6158731","2023-01-11","2023","01","11","","1.4","","-5.1","","-1.9","","19.9","","0.0","","0.0","","0.2","","0.2","","","","9","","32",""
"-79.63","43.68","TORONTO INTL A","6158731","2023-01-12","2023","01","12","","3.6","","-0.5","","1.6","","16.4","","0.0","","3.4","","2.8","","6.2","","1","E","36","","53",""
"-79.63","43.68","TORONTO INTL A","6158731","2023-01-13","2023","01","13","","-0.5","","-9.4","","-5.0","","23.0","","0.0","","0.0","","4.6","","4.6","","6","","35","","60",""
"-79.63","43.68","TORONTO INTL A","6158731","2023-01-14","2023","01","14","","-3.2","","-10.6","","-6.9","","24.9","","0.0","","0.0","","0.0","","0.0","","6","","33","","38",""
"-79.63","43.68","TORONTO INTL A","6158731","2023-01-15","2023","01","15","","-1.4","","-11.0","","-6.2","","24.2","","0.0","","0.0","","0.0","","0.0","","2","","","M","","M"
"-79.63","43.68","TORONTO INTL A","6158731","2023-01-16","2023","01","16","","1.8","","-7.4","","-2.8","","20.8","","0.0","","0.0","","0.0","T","0.0","T","1","","","M","","M"
"-79.63","43.68","TORONTO INTL A","6158731","2023-01-17","2023","01","17","","4.4","","0.2","","2.3","","15.7","","0.0","","3.6","","0.2","","3.8","","0","T","28","","39",""
"-79.63","43.68","TORONTO INTL A","6158731","2023-01-18","2023","01","18","","4.9","","1.4","","3.2","","14.8","","0.0","","0.2","","0.0","","0.2","","","","28","","39",""
"-79.63","43.68","TORONTO INTL A","6158731","2023-01-19","2023","01","19","","3.3","","1.0","","2.2","","15.8","","0.0","","3.0","","0.2","","3.2","","","","10","","58",""
"-79.63","43.68","TORONTO INTL A","6158731","2023-01-20","2023","01","20","","2.6","","-1.5","","0.6","","17.4","","0.0","","1.4","","0.0","T","1.4","","","","30","","42",""
"-79.63","43.68","TORONTO INTL A","6158731","2023-01-21","2023","01","21","","0.2","","-2.0","","-0.9","","18.9","","0.0","","0.0","","0.0","T","0.0","T","","","22","","31",""
"-79.63","43.68","TORONTO INTL A","6158731","2023-01-22","2023","01","22","","1.3","","-2.8","","-0.8","","18.8","","0.0","","0.0","","2.8","","2.8","","2","E","","M","","M"
"-79.63","43.68","TORONTO INTL A","6158731","2023-01-23","2023","01","23","","2.0","","-3.2","","-0.6","","18.6","","0.0","","0.0","","0.0","","0.0","","2","","24","","53",""
"-79.63","43.68","TORONTO INTL A","6158731","2023-01-24","2023","01","24","","3.2","","-2.2","","0.5","","17.5","","0.0","","0.0","","0.2","","0.2","","0","T","26","","51",""
"-79.63","43.68","TORONTO INTL A","6158731","2023-01-25","2023","01","25","","1.4","","-2.1","","-0.4","","18.4","","0.0","","1.2","","13.8","","15.0","","0","T","11","","59",""
"-79.63","43.68","TORONTO INTL A","6158731","2023-01-26","2023","01","26","","1.4","","-3.8","","-1.2","","19.2","","0.0","","0.0","","1.2","","1.2","","9","","27","","54",""
"-79.63","43.68","TORONTO INTL A","6158731","2023-01-27","2023","01","27","","0.4","","-2.9","","-1.3","","19.3","","0.0","","0.0","","1.2","","0.8","","9","","19","","53",""
"-79.63","43.68","TORONTO INTL A","6158731","2023-01-28","2023","01","28","","2.1","","-2.8","","-0.4","","18.4","","0.0","","0.0","","0.4","","0.4","","10","","30","","53",""
"-79.63","43.68","TORONTO INTL A","6158731","2023-01-29","2023","01","29","","0.3","","-7.5","","-3.6","","21.6","","0.0","","0.0","","8.4","","8.2","","12","","33","","47",""
"-79.63","43.68","TORONTO INTL A","6158731","2023-01-30","2023","01","30","","-2.4","","-10.2","","-6.3","","24.3","","0.0","","0.0","","0.2","","0.2","","18","","29","","41",""
"-79.63","43.68","TORONTO INTL A","6158731","2023-01-31","2023","01","31","","-5.9","","-14.0","","-10.0","","28.0","","0.0","","0.0","","0.0","","0.0","","17","","29","","37",""
"-79.63","43.68","TORONTO INTL A","6158731","2023-02-01","2023","02","01","","-5.0","","-14.8","","-9.9","","27.9","","0.0","","0.0","","0.0","T","0.0","T","14","","25","","51",""
"-79.63","43.68","TORONTO INTL A","6158731","2023-02-02","2023","02","02","","1.7","","-10.9","","-4.6","","22.6","","0.0","","0.0","","0.6","","0.6","","14","E","32","","69",""
"-79.63","43.68","TORONTO INTL A","6158731","2023-02-03","2023","02","03","","-10.8","","-21.8","","-16.3","","34.3","","0.0","","0.0","","0.0","","0.0","","14","","","M","","M"
"-79.63","43.68","TORONTO INTL A","6158731","2023-02-04","2023","02","04","","-2.5","","-21.4","","-12.0","","30.0","","0.0","","0.0","","0.8","","0.4","","14","","22","","41",""
"-79.63","43.68","TORONTO INTL A","6158731","2023-02-05","2023","02","05","","4.2","","-1.9","","1.2","","16.8","","0.0","","0.0","T","0.0","","0.0","T","13","","23","","35",""
"-79.63","43.68","TORONTO INTL A","6158731","2023-02-06","2023","02","06","","2.3","","-3.6","","-0.7","","18.7","","0.0","","0.2","","0.0","","0.2","","7","","33","","45",""
"-79.63","43.68","TORONTO INTL A","6158731","2023-02-07","2023","02","07","","7.1","","-1.0","","3.1","","14.9","","0.0","","0.0","T","0.0","","0.0","T","6","","23","","55",""
"-79.63","43.68","TORONTO INTL A","6158731","2023-02-08","2023","02","08","","7.3","","0.2","","3.8","","14.2","","0.0","","0.0","","0.0","","0.0","","1","","26","","33",""
"-79.63","43.68","TORONTO INTL A","6158731","2023-02-09","2023","02","09","","6.3","","0.3","","3.3","","14.7","","0.0","","30.6","","0.0","","30.6","","","","24","","55",""
"-79.63","43.68","TORONTO INTL A","6158731","2023-02-10","2023","02","10","","4.9","","-3.0","","1.0","","17.0","","0.0","","0.0","","0.0","T","0.0","T","0","T","27","","59",""
"-79.63","43.68","TORONTO INTL A","6158731","2023-02-11","2023","02","11","","2.4","","-4.5","","-1.1","","19.1","","0.0","","0.0","","0.0","T","0.0","T","0","T","32","","48",""
"-79.63","43.68","TORONTO INTL A","6158731","2023-02-12","2023","02","12","","6.8","","-2.8","","2.0","","16.0","","0.0","","0.0","","0.0","","0.0","","","","","M","","M"
"-79.63","43.68","TORONTO INTL A","6158731","2023-02-13","2023","02","13","","9.1","","-2.9","","3.1","","14.9","","0.0","","0.0","","0.0","","0.0","","","","28","","53",""
"-79.63","43.68","TORONTO INTL A","6158731","2023-02-14","2023","02","14","","9.2","","-3.0","","3.1","","14.9","","0.0","","0.0","","0.0","","0.0","","","","33","","49",""
"-79.63","43.68","TORONTO INTL A","6158731","2023-02-15","2023","02","15","","15.0","","3.9","","9.5","","8.5","","0.0","","0.6","","0.0","","0.6","","","","23","","86",""
"-79.63","43.68","TORONTO INTL A","6158731","2023-02-16","2023","02","16","","5.5","","-1.1","","2.2","","15.8","","0.0","","4.6","","0.0","","4.6","","","","29","","36",""
"-79.63","43.68","TORONTO INTL A","6158731","2023-02-17","2023","02","17","","0.2","","-9.5","","-4.7","","22.7","","0.0","","5.4","","0.6","","6.0","","0","T","34","","56",""
"-79.63","43.68","TORONTO INTL A","6158731","2023-02-18","2023","02","18","","1.7","","-8.0","","-3.2","","21.2","","0.0","","0.0","","0.0","","0.0","","0","T","26","","48",""
"-79.63","43.68","TORONTO INTL A","6158731","2023-02-19","2023","02","19","","9.7","","-0.4","","4.7","","13.3","","0.0","","0.0","","0.0","","0.0","","","","24","","61",""
"-79.63","43.68","TORONTO INTL A","6158731","2023-02-20","2023","02","20","","5.3","","-3.1","","1.1","","16.9","","0.0","","0.0","","0.0","","0.0","","","","30","","41",""
"-79.63","43.68","TORONTO INTL A","6158731","2023-02-21","2023","02","21","","6.8","","-3.0","","1.9","","16.1","","0.0","","0.0","","0.0","T","0.0","T","","","29","","72",""
"-79.63","43.68","TORONTO INTL A","6158731","2023-02-22","2023","02","22","","-1.3","","-7.8","","-4.6","","22.6","","0.0","","0.0","","17.4","","17.2","","1","E","9","","47",""
"-79.63","43.68","TORONTO INTL A","6158731","2023-02-23","2023","02","23","","-0.8","","-8.1","","-4.5","","22.5","","0.0","","0.8","","0.8","","1.6","","17","","2","","37",""
"-79.63","43.68","TORONTO INTL A","6158731","2023-02-24","2023","02","24","","-2.7","","-10.2","","-6.5","","24.5","","0.0","","0.0","","0.0","T","0.0","T","15","","32","","59",""
"-79.63","43.68","TORONTO INTL A","6158731","2023-02-25","2023","02","25","","-2.4","","-9.2","","-5.8","","23.8","","0.0","","0.0","","2.5","","2.5","","14","","","M","","M"
"-79.63","43.68","TORONTO INTL A","6158731","2023-02-26","2023","02","26","","2.3","","-5.7","","-1.7","","19.7","","0.0","","0.0","","0.0","","0.0","","14","","29","","53",""
"-79.63","43.68","TORONTO INTL A","6158731","2023-02-27","2023","02","27","","-0.1","","-7.8","","-4.0","","22.0","","0.0","","2.0","","5.4","","7.4","","10","","6","","56",""
"-79.63","43.68","TORONTO INTL A","6158731","2023-02-28","2023","02","28","","1.7","","-1.2","","0.3","","17.7","","0.0","","0.8","","0.8","","1.6","","13","","29","","58",""
"-79.63","43.68","TORONTO INTL A","6158731","2023-03-01","2023","03","01","","2.9","","-2.0","","0.5","","17.5","","0.0","","0.0","","0.0","","0.0","","10","","8","","40",""
"-79.63","43.68","TORONTO INTL A","6158731","2023-03-02","2023","03","02","","3.8","","-2.5","","0.7","","17.3","","0.0","","0.0","","0.0","","0.0","","","","33","","36",""
"-79.63","43.68","TORONTO INTL A","6158731","2023-03-03","2023","03","03","","0.4","","-5.4","","-2.5","","20.5","","0.0","","0.0","","18.6","","18.6","","6","","6","","63",""
"-79.63","43.68","TORONTO INTL A","6158731","2023-03-04","2023","03","04","","5.8","","-1.5","","2.2","","15.8","","0.0","","0.0","","6.0","","6.0","","28","","6","","58",""
"-79.63","43.68","TORONTO INTL A","6158731","2023-03-05","2023","03","05","","5.0","","-2.4","","1.3","","16.7","","0.0","","0.2","","0.4","","0.6","","15","","31","","41",""
"-79.63","43.68","TORONTO INTL A","6158731","2023-03-06","2023","03","06","","3.2","","-4.3","","-0.6","","18.6","","0.0","","0.0","","0.0","","0.0","","15","","1","","31",""
"-79.63","43.68","TORONTO INTL A","6158731","2023-03-07","2023","03","07","","1.8","","-2.8","","-0.5","","18.5","","0.0","","0.0","","0.0","","0.0","","11","","1","","67",""
"-79.63","43.68","TORONTO INTL A","6158731","2023-03-08","2023","03","08","","0.9","","-3.2","","-1.2","","19.2","","0.0","","0.0","","0.0","","0.0","","9","","35","","53",""
"-79.63","43.68","TORONTO INTL A","6158731","2023-03-09","2023","03","09","","2.8","","-3.8","","-0.5","","18.5","","0.0","","0.0","","0.0","","0.0","","7","","36","","37",""
"-79.63","43.68","TORONTO INTL A","6158731","2023-03-10","2023","03","10","","0.0","","-2.5","","-1.3","","19.3","","0.0","","0.0","","9.6","","7.2","","5","","1","","47",""
"-79.63","43.68","TORONTO INTL A","6158731","2023-03-11","2023","03","11","","-0.6","","-5.5","","-3.1","","21.1","","0.0","","0.0","","0.4","","0.4","","14","","36","","34",""
"-79.63","43.68","TORONTO INTL A","6158731","2023-03-12","2023","03","12","","-0.2","","-5.5","","-2.9","","20.9","","0.0","","0.0","","4.4","","3.0","","10","","","M","","M"
"-79.63","43.68","TORONTO INTL A","6158731","2023-03-13","2023","03","13","","0.8","","-3.5","","-1.4","","19.4","","0.0","","0.0","","2.2","","2.2","","15","","32","","38",""
"-79.63","43.68","TORONTO INTL A","6158731","2023-03-14","2023","03","14","","-1.0","","-5.6","","-3.3","","21.3","","0.0","","0.0","","0.0","T","0.0","T","14","","32","","67",""
"-79.63","43.68","TORONTO INTL A","6158731","2023-03-15","2023","03","15","","4.7","","-5.6","","-0.5","","18.5","","0.0","","0.0","","0.0","","0.0","","12","","34","","47",""
"-79.63","43.68","TORONTO INTL A","6158731","2023-03-16","2023","03","16","","9.7","","0.3","","5.0","","13.0","","0.0","","3.2","","0.0","","3.2","","6","","20","","31",""
"-79.63","43.68","TORONTO INTL A","6158731","2023-03-17","2023","03","17","","8.2","","0.1","","4.2","","13.8","","0.0","","5.6","","0.0","T","5.6","","4","","27","","63",""
"-79.63","43.68","TORONTO INTL A","6158731","2023-03-18","2023","03","18","","1.2","","-6.6","","-2.7","","20.7","","0.0","","0.0","","2.0","","2.0","","1","","25","","69",""
"-79.63","43.68","TORONTO INTL A","6158731","2023-03-19","2023","03","19","","1.0","","-8.1","","-3.6","","21.6","","0.0","","0.0","","0.0","T","0.0","T","2","","27","","60",""
"-79.63","43.68","TORONTO INTL A","6158731","2023-03-20","2023","03","20","","7.2","","-2.9","","2.2","","15.8","","0.0","","0.0","","0.0","","0.0","","1","","25","","53",""
"-79.63","43.68","TORONTO INTL A","6158731","2023-03-21","2023","03","21","","10.0","","2.6","","6.3","","11.7","","0.0","","0.0","","0.0","","0.0","","0","T","21","","36",""
"-79.63","43.68","TORONTO INTL A","6158731","2023-03-22","2023","03","22","","6.3","","0.8","","3.6","","14.4","","0.0","","0.0","","0.0","T","0.0","T","0","T","","M","","M"
"-79.63","43.68","TORONTO INTL A","6158731","2023-03-23","2023","03","23","","8.6","","-2.1","","3.3","","14.7","","0.0","","6.8","","0.0","","6.8","","","","32","","41",""
"-79.63","43.68","TORONTO INTL A","6158731","2023-03-24","2023","03","24","","6.0","","-1.6","","2.2","","15.8","","0.0","","0.0","","0.0","","0.0","","","","2","","32",""
"-79.63","43.68","TORONTO INTL A","6158731","2023-03-25","2023","03","25","","9.1","","0.9","","5.0","","13.0","","0.0","","19.6","","0.0","T","19.6","","","","21","","81",""
"-79.63","43.68","TORONTO INTL A","6158731","2023-03-26","2023","03","26","","9.6","","1.7","","5.7","","12.3","","0.0","","","M","","M","","M","","","26","","67",""
"-79.63","43.68","TORONTO INTL A","6158731","2023-03-27","2023","03","27","","4.4","","1.5","","3.0","","15.0","","0.0","","","M","","M","1.8","","","","","M","","M"
"-79.63","43.68","TORONTO INTL A","6158731","2023-03-28","2023","03","28","","6.4","","0.8","","3.6","","14.4","","0.0","","0.0","","0.0","","0.0","","","","","M","","M"
"-79.63","43.68","TORONTO INTL A","6158731","2023-03-29","2023","03","29","","9.1","","-6.3","","1.4","","16.6","","0.0","","0.8","","1.0","","1.8","","0","T","31","","73",""
"-79.63","43.68","TORONTO INTL A","6158731","2023-03-30","2023","03","30","","4.2","","-7.2","","-1.5","","19.5","","0.0","","0.0","","0.0","","0.0","","0","T","23","","37",""
"-79.63","43.68","TORONTO INTL A","6158731","2023-03-31","2023","03","31","","4.9","","0.1","","2.5","","15.5","","0.0","","11.2","","0.0","T","11.2","","","","","M","","M"
"-79.63","43.68","TORONTO INTL A","6158731","2023-04-01","2023","04","01","","14.6","","-2.2","","6.2","","11.8","","0.0","","17.2","","0.0","","17.2","","","","31","","74",""
"-79.63","43.68","TORONTO INTL A","6158731","2023-04-02","2023","04","02","","3.6","","-4.8","","-0.6","","18.6","","0.0","","0.0","","0.0","","0.0","","","","35","","44",""
"-79.63","43.68","TORONTO INTL A","6158731","2023-04-03","2023","04","03","","14.1","","0.6","","7.4","","10.6","","0.0","","0.0","","0.0","","0.0","","","","27","","55",""
"-79.63","43.68","TORONTO INTL A","6158731","2023-04-04","2023","04","04","","10.9","","5.5","","8.2","","9.8","","0.0","","1.8","","0.0","","1.8","","","","10","","54",""
"-79.63","43.68","TORONTO INTL A","6158731","2023-04-05","2023","04","05","","15.0","","2.9","","9.0","","9.0","","0.0","","24.4","","0.0","","24.4","","","","10","","62",""
"-79.63","43.68","TORONTO INTL A","6158731","2023-04-06","2023","04","06","","14.5","","3.6","","9.1","","8.9","","0.0","","0.0","","0.0","","0.0","","","","27","","55",""
"-79.63","43.68","TORONTO INTL A","6158731","2023-04-07","2023","04","07","","6.5","","-2.0","","2.3","","15.7","","0.0","","0.0","","0.0","","0.0","","","","30","","54",""
"-79.63","43.68","TORONTO INTL A","6158731","2023-04-08","2023","04","08","","6.4","","-3.9","","1.3","","16.7","","0.0","","0.0","","0.0","","0.0","","","","","M","","M"
"-79.63","43.68","TORONTO INTL A","6158731","2023-04-09","2023","04","09","","10.6","","-1.0","","4.8","","13.2","","0.0","","0.0","","0.0","","0.0","","","","","M","","M"
"-79.63","43.68","TORONTO INTL A","6158731","2023-04-10","2023","04","10","","20.3","","1.7","","11.0","","7.0","","0.0","","0.0","","0.0","","0.0","","","","25","","38",""
"-79.63","43.68","TORONTO INTL A","6158731","2023-04-11","2023","04","11","","23.8","","7.8","","15.8","","2.2","","0.0","","0.0","","0.0","","0.0","","","","26","","68",""
"-79.63","43.68","TORONTO INTL A","6158731","2023-04-12","2023","04","12","","26.7","","11.9","","19.3","","0.0","","1.3","","0.0","","0.0","","0.0","","","","25","","58",""
"-79.63","43.68","TORONTO INTL A","6158731","2023-04-13","2023","04","13","","29.4","","13.4","","21.4","","0.0","","3.4","","0.0","","0.0","","0.0","","","","28","","42",""
"-79.63","43.68","TORONTO INTL A","6158731","2023-04-14","2023","04","14","","26.9","","13.1","","20.0","","0.0","","2.0","","0.0","","0.0","","0.0","","","","15","","32",""
"-79.63","43.68","TORONTO INTL A","6158731","2023-04-15","2023","04","15","","24.1","","12.6","","18.4","","0.0","","0.4","","0.0","","0.0","","0.0","","","","","M","","M"
"-79.63","43.68","TORONTO INTL A","6158731","2023-04-16","2023","04","16","","24.5","","9.4","","17.0","","1.0","","0.0","","2.8","","0.0","","2.8","","","","25","","58",""
"-79.63","43.68","TORONTO INTL A","6158731","2023-04-17","2023","04","17","","9.3","","2.3","","5.8","","12.2","","0.0","","1.2","","0.0","","1.2","","","","22","","53",""
"-79.63","43.68","TORONTO INTL A","6158731","2023-04-18","2023","04","18","","5.7","","0.5","","3.1","","14.9","","0.0","","0.2","","0.4","","0.6","","","","28","","64",""
"-79.63","43.68","TORONTO INTL A","6158731","2023-04-19","2023","04","19","","9.6","","0.8","","5.2","","12.8","","0.0","","0.0","T","0.0","","0.0","T","","","27","","49",""
"-79.63","43.68","TORONTO INTL A","6158731","2023-04-20","2023","04","20","","10.4","","3.3","","6.9","","11.1","","0.0","","0.4","","0.0","","0.4","","","","7","","40",""
"-79.63","43.68","TORONTO INTL A","6158731","2023-04-21","2023","04","21","","20.6","","7.4","","14.0","","4.0","","0.0","","3.4","","0.0","","3.4","","","","29","","39",""
"-79.63","43.68","TORONTO INTL A","6158731","2023-04-22","2023","04","22","","11.4","","6.4","","8.9","","9.1","","0.0","","23.4","","0.0","","23.4","","","","28","","34",""
"-79.63","43.68","TORONTO INTL A","6158731","2023-04-23","2023","04","23","","8.3","","3.6","","6.0","","12.0","","0.0","","0.2","","0.0","","0.2","","","","25","","32",""
"-79.63","43.68","TORONTO INTL A","6158731","2023-04-24","2023","04","24","","9.4","","2.8","","6.1","","11.9","","0.0","","0.0","","0.0","T","0.0","T","","","29","","39",""
"-79.63","43.68","TORONTO INTL A","6158731","2023-04-25","2023","04","25","","11.3","","1.6","","6.5","","11.5","","0.0","","0.0","T","0.0","","0.0","T","","","26","","46",""
"-79.63","43.68","TORONTO INTL A","6158731","2023-04-26","2023","04","26","","9.1","","0.6","","4.9","","13.1","","0.0","","0.4","","0.0","","0.4","","","","","M","","M"
"-79.63","43.68","TORONTO INTL A","6158731","2023-04-27","2023","04","27","","12.4","","0.1","","6.3","","11.7","","0.0","","0.0","","0.0","","0.0","","","","","M","","M"
"-79.63","43.68","TORONTO INTL A","6158731","2023-04-28","2023","04","28","","12.6","","6.7","","9.7","","8.3","","0.0","","9.8","","0.0","","9.8","","","","10","","53",""
"-79.63","43.68","TORONTO INTL A","6158731","2023-04-29","2023","04","29","","10.3","","6.4","","8.4","","9.6","","0.0","","3.4","","0.0","","3.4","","","","9","","44",""
"-79.63","43.68","TORONTO INTL A","6158731","2023-04-30","2023","04","30","","11.3","","6.6","","9.0","","9.0","","0.0","","12.8","","0.0","","12.8","","","","28","","33",""
"-79.63","43.68","TORONTO INTL A","6158731","2023-05-01","2023","05","01","","10.6","","4.3","","7.5","","10.5","","0.0","","2.8","","0.0","","2.8","","","","22","","54",""
"-79.63","43.68","TORONTO INTL A","6158731","2023-05-02","2023","05","02","","6.9","","2.1","","4.5","","13.5","","0.0","","9.2","","0.0","","9.2","","","","","M","","M"
"-79.63","43.68","TORONTO INTL A","6158731","2023-05-03","2023","05","03","","11.1","","2.4","","6.8","","11.2","","0.0","","6.2","","0.0","","6.2","","","","34","","41",""
"-79.63","43.68","TORONTO INTL A","6158731","2023-05-04","2023","05","04","","11.1","","6.5","","8.8","","9.2","","0.0","","0.0","","0.0","","0.0","","","","","M","","M"
"-79.63","43.68","TORONTO INTL A","6158731","2023-05-05","2023","05","05","","14.5","","6.7","","10.6","","7.4","","0.0","","0.2","","0.0","","0.2","","","","","M","","M"
"-79.63","43.68","TORONTO INTL A","6158731","2023-05-06","2023","05","06","","17.9","","3.7","","10.8","","7.2","","0.0","","0.0","","0.0","","0.0","","","","","M","","M"
"-79.63","43.68","TORONTO INTL A","6158731","2023-05-07","2023","05","07","","16.3","","7.8","","12.1","","5.9","","0.0","","11.0","","0.0","","11.0","","","","","M","","M"
"-79.63","43.68","TORONTO INTL A","6158731","2023-05-08","2023","05","08","","19.6","","8.1","","13.9","","4.1","","0.0","","0.0","","0.0","","0.0","","","","1","","42",""
"-79.63","43.68","TORONTO INTL A","6158731","2023-05-09","2023","05","09","","15.9","","6.6","","11.3","","6.7","","0.0","","0.0","","0.0","","0.0","","","","36","","32",""
"-79.63","43.68","TORONTO INTL A","6158731","2023-05-10","2023","05","10","","21.4","","4.4","","12.9","","5.1","","0.0","","0.0","","0.0","","0.0","","","","","M","","M"
"-79.63","43.68","TORONTO INTL A","6158731","2023-05-11","2023","05","11","","26.6","","9.9","","18.3","","0.0","","0.3","","0.0","","0.0","","0.0","","","","32","","39",""
"-79.63","43.68","TORONTO INTL A","6158731","2023-05-12","2023","05","12","","28.4","","14.5","","21.5","","0.0","","3.5","","0.0","","0.0","","0.0","","","","30","","55",""
"-79.63","43.68","TORONTO INTL A","6158731","2023-05-13","2023","05","13","","23.3","","11.6","","17.5","","0.5","","0.0","","0.0","","0.0","","0.0","","","","35","","42",""
"-79.63","43.68","TORONTO INTL A","6158731","2023-05-14","2023","05","14","","17.8","","8.5","","13.2","","4.8","","0.0","","0.0","","0.0","","0.0","","","","2","","40",""
"-79.63","43.68","TORONTO INTL A","6158731","2023-05-15","2023","05","15","","22.8","","7.2","","15.0","","3.0","","0.0","","0.0","","0.0","","0.0","","","","28","","48",""
"-79.63","43.68","TORONTO INTL A","6158731","2023-05-16","2023","05","16","","24.0","","5.0","","14.5","","3.5","","0.0","","0.0","","0.0","","0.0","","","","26","","58",""
"-79.63","43.68","TORONTO INTL A","6158731","2023-05-17","2023","05","17","","11.5","","0.9","","6.2","","11.8","","0.0","","0.0","","0.0","","0.0","","","","36","","36",""
"-79.63","43.68","TORONTO INTL A","6158731","2023-05-18","2023","05","18","","14.3","","1.3","","7.8","","10.2","","0.0","","0.0","","0.0","","0.0","","","","","M","","M"
"-79.63","43.68","TORONTO INTL A","6158731","2023-05-19","2023","05","19","","22.2","","7.0","","14.6","","3.4","","0.0","","15.4","","0.0","","15.4","","","","17","","48",""
"-79.63","43.68","TORONTO INTL A","6158731","2023-05-20","2023","05","20","","16.6","","11.1","","13.9","","4.1","","0.0","","14.0","","0.0","","14.0","","","","27","","44",""
"-79.63","43.68","TORONTO INTL A","6158731","2023-05-21","2023","05","21","","24.1","","8.6","","16.4","","1.6","","0.0","","0.0","","0.0","","0.0","","","","32","","37",""
"-79.63","43.68","TORONTO INTL A","6158731","2023-05-22","2023","05","22","","16.5","","8.8","","12.7","","5.3","","0.0","","0.0","","0.0","","0.0","","","","","M","","M"
"-79.63","43.68","TORONTO INTL A","6158731","2023-05-23","2023","05","23","","20.4","","8.4","","14.4","","3.6","","0.0","","0.0","","0.0","","0.0","","","","","M","","M"
"-79.63","43.68","TORONTO INTL A","6158731","2023-05-24","2023","05","24","","17.0","","5.2","","11.1","","6.9","","0.0","","0.0","","0.0","","0.0","","","","35","","58",""
"-79.63","43.68","TORONTO INTL A","6158731","2023-05-25","2023","05","25","","16.4","","4.1","","10.3","","7.7","","0.0","","0.0","","0.0","","0.0","","","","36","","34",""
"-79.63","43.68","TORONTO INTL A","6158731","2023-05-26","2023","05","26","","20.2","","6.6","","13.4","","4.6","","0.0","","0.0","","0.0","","0.0","","","","","M","","M"
"-79.63","43.68","TORONTO INTL A","6158731","2023-05-27","2023","05","27","","23.5","","8.2","","15.9","","2.1","","0.0","","0.0","","0.0","","0.0","","","","","M","","M"
"-79.63","43.68","TORONTO INTL A","6158731","2023-05-28","2023","05","28","","27.8","","11.6","","19.7","","0.0","","1.7","","0.0","","0.0","","0.0","","","","36","","34",""
"-79.63","43.68","TORONTO INTL A","6158731","2023-05-29","2023","05","29","","24.9","","13.8","","19.4","","0.0","","1.4","","0.0","","0.0","","0.0","","","","","M","","M"
"-79.63","43.68","TORONTO INTL A","6158731","2023-05-30","2023","05","30","","27.2","","13.8","","20.5","","0.0","","2.5","","0.0","","0.0","","0.0","","","","","M","","M"
"-79.63","43.68","TORONTO INTL A","6158731","2023-05-31","2023","05","31","","30.5","","16.6","","23.6","","0.0","","5.6","","0.0","","0.0","","0.0","","","","","M","","M"
"-79.63","43.68","TORONTO INTL A","6158731","2023-06-01","2023","06","01","","30.9","","18.2","","24.6","","0.0","","6.6","","0.0","","0.0","","0.0","","","","","M","","M"
"-79.63","43.68","TORONTO INTL A","6158731","2023-06-02","2023","06","02","","32.3","","20.1","","26.2","","0.0","","8.2","","0.6","","0.0","","0.6","","","","1","","42",""
"-79.63","43.68","TORONTO INTL A","6158731","2023-06-03","2023","06","03","","22.1","","15.2","","18.7","","0.0","","0.7","","0.0","","0.0","","0.0","","","","12","","32",""
"-79.63","43.68","TORONTO INTL A","6158731","2023-06-04","2023","06","04","","20.5","","11.5","","16.0","","2.0","","0.0","","0.0","","0.0","","0.0","","","","","M","","M"
"-79.63","43.68","TORONTO INTL A","6158731","2023-06-05","2023","06","05","","24.9","","13.5","","19.2","","0.0","","1.2","","0.0","","0.0","","0.0","","","","","M","","M"
"-79.63","43.68","TORONTO INTL A","6158731","2023-06-06","2023","06","06","","23.3","","13.8","","18.6","","0.0","","0.6","","0.0","","0.0","","0.0","","","","34","","51",""
"-79.63","43.68","TORONTO INTL A","6158731","2023-06-07","2023","06","07","","21.3","","11.9","","16.6","","1.4","","0.0","","0.0","T","0.0","","0.0","T","","","34","","51",""
"-79.63","43.68","TORONTO INTL A","6158731","2023-06-08","2023","06","08","","19.1","","13.3","","16.2","","1.8","","0.0","","0.6","","0.0","","0.6","","","","1","","31",""
"-79.63","43.68","TORONTO INTL A","6158731","2023-06-09","2023","06","09","","22.1","","10.6","","16.4","","1.6","","0.0","","3.6","","0.0","","3.6","","","","31","","40",""
"-79.63","43.68","TORONTO INTL A","6158731","2023-06-10","2023","06","10","","27.3","","11.5","","19.4","","0.0","","1.4","","0.0","","0.0","","0.0","","","","26","","35",""
"-79.63","43.68","TORONTO INTL A","6158731","2023-06-11","2023","06","11","","23.1","","15.1","","19.1","","0.0","","1.1","","10.2","","0.0","","10.2","","","","6","","31",""
"-79.63","43.68","TORONTO INTL A","6158731","2023-06-12","2023","06","12","","18.8","","11.8","","15.3","","2.7","","0.0","","31.0","","0.0","","31.0","","","","28","","53",""
"-79.63","43.68","TORONTO INTL A","6158731","2023-06-13","2023","06","13","","19.9","","10.7","","15.3","","2.7","","0.0","","4.0","","0.0","","4.0","","","","15","","36",""
"-79.63","43.68","TORONTO INTL A","6158731","2023-06-14","2023","06","14","","20.6","","11.2","","15.9","","2.1","","0.0","","0.0","T","0.0","","0.0","T","","","36","","46",""
"-79.63","43.68","TORONTO INTL A","6158731","2023-06-15","2023","06","15","","21.3","","11.1","","16.2","","1.8","","0.0","","2.2","","0.0","","2.2","","","","","M","","M"
"-79.63","43.68","TORONTO INTL A","6158731","2023-06-16","2023","06","16","","23.4","","12.8","","18.1","","0.0","","0.1","","0.0","","0.0","","0.0","","","","33","","42",""
"-79.63","43.68","TORONTO INTL A","6158731","2023-06-17","2023","06","17","","25.4","","11.5","","18.5","","0.0","","0.5","","0.0","","0.0","","0.0","","","","32","","47",""
"-79.63","43.68","TORONTO INTL A","6158731","2023-06-18","2023","06","18","","25.2","","13.3","","19.3","","0.0","","1.3","","0.0","","0.0","","0.0","","","","","M","","M"
"-79.63","43.68","TORONTO INTL A","6158731","2023-06-19","2023","06","19","","25.0","","14.1","","19.6","","0.0","","1.6","","0.0","","0.0","","0.0","","","","10","","36",""
"-79.63","43.68","TORONTO INTL A","6158731","2023-06-20","2023","06","20","","26.0","","17.7","","21.9","","0.0","","3.9","","0.0","","0.0","","0.0","","","","7","","41",""
"-79.63","43.68","TORONTO INTL A","6158731","2023-06-21","2023","06","21","","27.1","","15.8","","21.5","","0.0","","3.5","","0.0","","0.0","","0.0","","","","8","","32",""
"-79.63","43.68","TORONTO INTL A","6158731","2023-06-22","2023","06","22","","25.4","","15.4","","20.4","","0.0","","2.4","","0.0","","0.0","","0.0","","","","9","","36",""
"-79.63","43.68","TORONTO INTL A","6158731","2023-06-23","2023","06","23","","24.7","","19.0","","21.9","","0.0","","3.9","","5.2","","0.0","","5.2","","","","","M","","M"
"-79.63","43.68","TORONTO INTL A","6158731","2023-06-24","2023","06","24","","26.6","","19.5","","23.1","","0.0","","5.1","","0.6","","0.0","","0.6","","","","34","","31",""
"-79.63","43.68","TORONTO INTL A","6158731","2023-06-25","2023","06","25","","28.1","","18.2","","23.2","","0.0","","5.2","","10.2","","0.0","","10.2","","","","2","","45",""
"-79.63","43.68","TORONTO INTL A","6158731","2023-06-26","2023","06","26","","23.4","","19.3","","21.4","","0.0","","3.4","","27.2","","0.0","","27.2","","","","20","","38",""
"-79.63","43.68","TORONTO INTL A","6158731","2023-06-27","2023","06","27","","23.5","","15.9","","19.7","","0.0","","1.7","","11.8","","0.0","","11.8","","","","31","","50",""
"-79.63","43.68","TORONTO INTL A","6158731","2023-06-28","2023","06","28","","23.8","","14.4","","19.1","","0.0","","1.1","","0.0","","0.0","","0.0","","","","33","","48",""
"-79.63","43.68","TORONTO INTL A","6158731","2023-06-29","2023","06","29","","25.6","","13.1","","19.4","","0.0","","1.4","","0.0","","0.0","","0.0","","","","","M","","M"
"-79.63","43.68","TORONTO INTL A","6158731","2023-06-30","2023","06","30","","25.5","","18.9","","22.2","","0.0","","4.2","","0.8","","0.0","","0.8","","","","","M","","M"
"-79.63","43.68","TORONTO INTL A","6158731","2023-07-01","2023","07","01","","28.5","","18.5","","23.5","","0.0","","5.5","","5.4","","0.0","","5.4","","","","1","","35",""
"-79.63","43.68","TORONTO INTL A","6158731","2023-07-02","2023","07","02","","23.5","","20.4","","22.0","","0.0","","4.0","","1.8","","0.0","","1.8","","","","","M","","M"
"-79.63","43.68","TORONTO INTL A","6158731","2023-07-03","2023","07","03","","26.0","","19.5","","22.8","","0.0","","4.8","","1.2","","0.0","","1.2","","","","","M","","M"
"-79.63","43.68","TORONTO INTL A","6158731","2023-07-04","2023","07","04","","30.7","","18.3","","24.5","","0.0","","6.5","","0.0","","0.0","","0.0","","","","28","","35",""
"-79.63","43.68","TORONTO INTL A","6158731","2023-07-05","2023","07","05","","31.4","","20.7","","26.1","","0.0","","8.1","","0.0","","0.0","","0.0","","","","24","","40",""
"-79.63","43.68","TORONTO INTL A","6158731","2023-07-06","2023","07","06","","29.8","","21.1","","25.5","","0.0","","7.5","","4.6","","0.0","","4.6","","","","25","","49",""
"-79.63","43.68","TORONTO INTL A","6158731","2023-07-07","2023","07","07","","26.2","","16.4","","21.3","","0.0","","3.3","","0.0","","0.0","","0.0","","","","35","","36",""
"-79.63","43.68","TORONTO INTL A","6158731","2023-07-08","2023","07","08","","25.1","","13.5","","19.3","","0.0","","1.3","","0.8","","0.0","","0.8","","","","23","","31",""
"-79.63","43.68","TORONTO INTL A","6158731","2023-07-09","2023","07","09","","25.5","","15.6","","20.6","","0.0","","2.6","","0.0","","0.0","","0.0","","","","35","","33",""
"-79.63","43.68","TORONTO INTL A","6158731","2023-07-10","2023","07","10","","28.9","","14.4","","21.7","","0.0","","3.7","","0.0","","0.0","","0.0","","","","27","","36",""
"-79.63","43.68","TORONTO INTL A","6158731","2023-07-11","2023","07","11","","30.2","","17.0","","23.6","","0.0","","5.6","","2.0","","0.0","","2.0","","","","25","","47",""
"-79.63","43.68","TORONTO INTL A","6158731","2023-07-12","2023","07","12","","26.0","","12.5","","19.3","","0.0","","1.3","","0.2","","0.0","","0.2","","","","34","","31",""
"-79.63","43.68","TORONTO INTL A","6158731","2023-07-13","2023","07","13","","24.0","","15.4","","19.7","","0.0","","1.7","","24.6","","0.0","","24.6","","","","27","","51",""
"-79.63","43.68","TORONTO INTL A","6158731","2023-07-14","2023","07","14","","25.6","","13.9","","19.8","","0.0","","1.8","","0.0","","0.0","","0.0","","","","13","","35",""
"-79.63","43.68","TORONTO INTL A","6158731","2023-07-15","2023","07","15","","25.0","","19.6","","22.3","","0.0","","4.3","","11.0","","0.0","","11.0","","","","16","","32",""
"-79.63","43.68","TORONTO INTL A","6158731","2023-07-16","2023","07","16","","27.8","","19.5","","23.7","","0.0","","5.7","","0.6","","0.0","","0.6","","","","22","","32",""
"-79.63","43.68","TORONTO INTL A","6158731","2023-07-17","2023","07","17","","26.9","","17.1","","22.0","","0.0","","4.0","","1.0","","0.0","","1.0","","","","25","","47",""
"-79.63","43.68","TORONTO INTL A","6158731","2023-07-18","2023","07","18","","26.1","","17.1","","21.6","","0.0","","3.6","","0.0","","0.0","","0.0","","","","36","","31",""
"-79.63","43.68","TORONTO INTL A","6158731","2023-07-19","2023","07","19","","26.0","","15.2","","20.6","","0.0","","2.6","","0.0","","0.0","","0.0","","","","","M","","M"
"-79.63","43.68","TORONTO INTL A","6158731","2023-07-20","2023","07","20","","27.3","","17.4","","22.4","","0.0","","4.4","","1.2","","0.0","","1.2","","","","25","","46",""
"-79.63","43.68","TORONTO INTL A","6158731","2023-07-21","2023","07","21","","26.0","","17.0","","21.5","","0.0","","3.5","","0.0","","0.0","","0.0","","","","32","","49",""
"-79.63","43.68","TORONTO INTL A","6158731","2023-07-22","2023","07","22","","28.1","","16.0","","22.1","","0.0","","4.1","","0.0","","0.0","","0.0","","","","27","","39",""
"-79.63","43.68","TORONTO INTL A","6158731","2023-07-23","2023","07","23","","27.0","","16.0","","21.5","","0.0","","3.5","","3.6","","0.0","","3.6","","","","13","","41",""
"-79.63","43.68","TORONTO INTL A","6158731","2023-07-24","2023","07","24","","28.2","","17.3","","22.8","","0.0","","4.8","","0.4","","0.0","","0.4","","","","33","","42",""
"-79.63","43.68","TORONTO INTL A","6158731","2023-07-25","2023","07","25","","27.3","","17.6","","22.5","","0.0","","4.5","","5.2","","0.0","","5.2","","","","","M","","M"
"-79.63","43.68","TORONTO INTL A","6158731","2023-07-26","2023","07","26","","30.8","","20.4","","25.6","","0.0","","7.6","","8.8","","0.0","","8.8","","","","17","","42",""
"-79.63","43.68","TORONTO INTL A","6158731","2023-07-27","2023","07","27","","29.6","","20.5","","25.1","","0.0","","7.1","","13.8","","0.0","","13.8","","","","33","","37",""
"-79.63","43.68","TORONTO INTL A","6158731","2023-07-28","2023","07","28","","31.2","","19.9","","25.6","","0.0","","7.6","","0.0","","0.0","","0.0","","","","26","","34",""
"-79.63","43.68","TORONTO INTL A","6158731","2023-07-29","2023","07","29","","24.6","","14.3","","19.5","","0.0","","1.5","","17.6","","0.0","","17.6","","","","2","","40",""
"-79.63","43.68","TORONTO INTL A","6158731","2023-07-30","2023","07","30","","24.1","","12.6","","18.4","","0.0","","0.4","","0.0","","0.0","","0.0","","","","32","","32",""
"-79.63","43.68","TORONTO INTL A","6158731","2023-07-31","2023","07","31","","24.2","","14.6","","19.4","","0.0","","1.4","","0.0","T","0.0","","0.0","T","","","36","","42",""
"-79.63","43.68","TORONTO INTL A","6158731","2023-08-01","2023","08","01","","24.0","","13.2","","18.6","","0.0","","0.6","","0.0","T","0.0","","0.0","T","","","","M","","M"
"-79.63","43.68","TORONTO INTL A","6158731","2023-08-02","2023","08","02","","24.6","","13.7","","19.2","","0.0","","1.2","","0.0","T","0.0","","0.0","T","","","22","","33",""
"-79.63","43.68","TORONTO INTL A","6158731","2023-08-03","2023","08","03","","29.2","","18.2","","23.7","","0.0","","5.7","","2.6","","0.0","","2.6","","","","36","","66",""
"-79.63","43.68","TORONTO INTL A","6158731","2023-08-04","2023","08","04","","27.2","","16.8","","22.0","","0.0","","4.0","","0.0","","0.0","","0.0","","","","35","","41",""
"-79.63","43.68","TORONTO INTL A","6158731","2023-08-05","2023","08","05","","24.7","","16.4","","20.6","","0.0","","2.6","","0.0","","0.0","","0.0","","","","","M","","M"
"-79.63","43.68","TORONTO INTL A","6158731","2023-08-06","2023","08","06","","25.1","","14.5","","19.8","","0.0","","1.8","","7.0","","0.0","","7.0","","","","6","","37",""
"-79.63","43.68","TORONTO INTL A","6158731","2023-08-07","2023","08","07","","25.8","","18.4","","22.1","","0.0","","4.1","","7.6","","0.0","","7.6","","","","33","","44",""
"-79.63","43.68","TORONTO INTL A","6158731","2023-08-08","2023","08","08","","26.0","","16.1","","21.1","","0.0","","3.1","","0.0","","0.0","","0.0","","","","31","","67",""
"-79.63","43.68","TORONTO INTL A","6158731","2023-08-09","2023","08","09","","28.8","","16.2","","22.5","","0.0","","4.5","","0.0","","0.0","","0.0","","","","27","","35",""
"-79.63","43.68","TORONTO INTL A","6158731","2023-08-10","2023","08","10","","25.9","","18.9","","22.4","","0.0","","4.4","","0.2","","0.0","","0.2","","","","35","","58",""
"-79.63","43.68","TORONTO INTL A","6158731","2023-08-11","2023","08","11","","25.6","","15.0","","20.3","","0.0","","2.3","","0.0","","0.0","","0.0","","","","30","","32",""
"-79.63","43.68","TORONTO INTL A","6158731","2023-08-12","2023","08","12","","29.5","","18.9","","24.2","","0.0","","6.2","","1.2","","0.0","","1.2","","","","26","","50",""
"-79.63","43.68","TORONTO INTL A","6158731","2023-08-13","2023","08","13","","26.0","","15.0","","20.5","","0.0","","2.5","","0.0","","0.0","","0.0","","","","27","","44",""
"-79.63","43.68","TORONTO INTL A","6158731","2023-08-14","2023","08","14","","23.7","","14.8","","19.3","","0.0","","1.3","","0.0","","0.0","","0.0","","","","","M","","M"
"-79.63","43.68","TORONTO INTL A","6158731","2023-08-15","2023","08","15","","22.7","","17.9","","20.3","","0.0","","2.3","","6.6","","0.0","","6.6","","","","","M","","M"
"-79.63","43.68","TORONTO INTL A","6158731","2023-08-16","2023","08","16","","27.3","","18.2","","22.8","","0.0","","4.8","","0.0","","0.0","","0.0","","","","21","","33",""
"-79.63","43.68","TORONTO INTL A","6158731","2023-08-17","2023","08","17","","26.5","","17.2","","21.9","","0.0","","3.9","","11.4","","0.0","","11.4","","","","23","","71",""
"-79.63","43.68","TORONTO INTL A","6158731","2023-08-18","2023","08","18","","20.0","","12.7","","16.4","","1.6","","0.0","","0.0","T","0.0","","0.0","T","","","29","","58",""
"-79.63","43.68","TORONTO INTL A","6158731","2023-08-19","2023","08","19","","25.1","","13.3","","19.2","","0.0","","1.2","","0.0","","0.0","","0.0","","","","31","","42",""
"-79.63","43.68","TORONTO INTL A","6158731","2023-08-20","2023","08","20","","29.3","","15.3","","22.3","","0.0","","4.3","","0.0","","0.0","","0.0","","","","25","","37",""
"-79.63","43.68","TORONTO INTL A","6158731","2023-08-21","2023","08","21","","24.6","","16.2","","20.4","","0.0","","2.4","","0.0","","0.0","","0.0","","","","35","","35",""
"-79.63","43.68","TORONTO INTL A","6158731","2023-08-22","2023","08","22","","24.3","","13.7","","19.0","","0.0","","1.0","","0.0","","0.0","","0.0","","","","4","","32",""
"-79.63","43.68","TORONTO INTL A","6158731","2023-08-23","2023","08","23","","20.2","","15.6","","17.9","","0.1","","0.0","","4.6","","0.0","","4.6","","","","","M","","M"
"-79.63","43.68","TORONTO INTL A","6158731","2023-08-24","2023","08","24","","22.4","","18.2","","20.3","","0.0","","2.3","","9.2","","0.0","","9.2","","","","","M","","M"
"-79.63","43.68","TORONTO INTL A","6158731","2023-08-25","2023","08","25","","24.3","","18.3","","21.3","","0.0","","3.3","","0.0","","0.0","","0.0","","","","33","","33",""
"-79.63","43.68","TORONTO INTL A","6158731","2023-08-26","2023","08","26","","23.8","","13.7","","18.8","","0.0","","0.8","","4.6","","0.0","","4.6","","","","35","","42",""
"-79.63","43.68","TORONTO INTL A","6158731","2023-08-27","2023","08","27","","22.6","","11.2","","16.9","","1.1","","0.0","","0.0","","0.0","","0.0","","","","","M","","M"
"-79.63","43.68","TORONTO INTL A","6158731","2023-08-28","2023","08","28","","22.8","","13.1","","18.0","","0.0","","0.0","","0.0","","0.0","","0.0","","","","","M","","M"
"-79.63","43.68","TORONTO INTL A","6158731","2023-08-29","2023","08","29","","23.9","","12.4","","18.2","","0.0","","0.2","","4.2","","0.0","","4.2","","","","26","","49",""
"-79.63","43.68","TORONTO INTL A","6158731","2023-08-30","2023","08","30","","20.0","","11.8","","15.9","","2.1","","0.0","","0.0","","0.0","","0.0","","","","31","","48",""
"-79.63","43.68","TORONTO INTL A","6158731","2023-08-31","2023","08","31","","22.3","","9.5","","15.9","","2.1","","0.0","","0.0","","0.0","","0.0","","","","","M","","M"
"-79.63","43.68","TORONTO INTL A","6158731","2023-09-01","2023","09","01","","23.7","","11.8","","17.8","","0.2","","0.0","","0.0","","0.0","","0.0","","","","","M","","M"
"-79.63","43.68","TORONTO INTL A","6158731","2023-09-02","2023","09","02","","26.2","","13.8","","20.0","","0.0","","2.0","","0.2","","0.0","","0.2","","","","26","","45",""
"-79.63","43.68","TORONTO INTL A","6158731","2023-09-03","2023","09","03","","31.8","","17.6","","24.7","","0.0","","6.7","","0.0","","0.0","","0.0","","","","25","","38",""
"-79.63","43.68","TORONTO INTL A","6158731","2023-09-04","2023","09","04","","34.0","","20.0","","27.0","","0.0","","9.0","","0.0","","0.0","","0.0","","","","26","","40",""
"-79.63","43.68","TORONTO INTL A","6158731","2023-09-05","2023","09","05","","33.1","","20.6","","26.9","","0.0","","8.9","","0.0","","0.0","","0.0","","","","19","","35",""
"-79.63","43.68","TORONTO INTL A","6158731","2023-09-06","2023","09","06","","31.9","","21.8","","26.9","","0.0","","8.9","","0.0","T","0.0","","0.0","T","","","21","","45",""
"-79.63","43.68","TORONTO INTL A","6158731","2023-09-07","2023","09","07","","29.0","","17.0","","23.0","","0.0","","5.0","","3.0","","0.0","","3.0","","","","15","","46",""
"-79.63","43.68","TORONTO INTL A","6158731","2023-09-08","2023","09","08","","20.5","","14.7","","17.6","","0.4","","0.0","","0.0","","0.0","","0.0","","","","35","","38",""
"-79.63","43.68","TORONTO INTL A","6158731","2023-09-09","2023","09","09","","20.1","","15.5","","17.8","","0.2","","0.0","","0.0","","0.0","","0.0","","","","","M","","M"
"-79.63","43.68","TORONTO INTL A","6158731","2023-09-10","2023","09","10","","22.9","","17.2","","20.1","","0.0","","2.1","","0.0","","0.0","","0.0","","","","","M","","M"
"-79.63","43.68","TORONTO INTL A","6158731","2023-09-11","2023","09","11","","24.6","","15.6","","20.1","","0.0","","2.1","","0.0","","0.0","","0.0","","","","","M","","M"
"-79.63","43.68","TORONTO INTL A","6158731","2023-09-12","2023","09","12","","23.1","","","M","","M","","M","","M","6.2","","0.0","","6.2","","","","25","","42",""
"-79.63","43.68","TORONTO INTL A","6158731","2023-09-13","2023","09","13","","19.3","","10.5","","14.9","","3.1","","0.0","","0.0","","0.0","","0.0","","","","31","","39",""
"-79.63","43.68","TORONTO INTL A","6158731","2023-09-14","2023","09","14","","20.0","","9.7","","14.9","","3.1","","0.0","","0.0","","0.0","","0.0","","","","","M","","M"
"-79.63","43.68","TORONTO INTL A","6158731","2023-09-15","2023","09","15","","20.5","","8.7","","14.6","","3.4","","0.0","","0.0","","0.0","","0.0","","","","","M","","M"
"-79.63","43.68","TORONTO INTL A","6158731","2023-09-16","2023","09","16","","24.1","","10.1","","17.1","","0.9","","0.0","","0.0","","0.0","","0.0","","","","29","","34",""
"-79.63","43.68","TORONTO INTL A","6158731","2023-09-17","2023","09","17","","23.6","","13.9","","18.8","","0.0","","0.8","","0.0","T","0.0","","0.0","T","","","33","","32",""
"-79.63","43.68","TORONTO INTL A","6158731","2023-09-18","2023","09","18","","21.9","","11.4","","16.7","","1.3","","0.0","","0.0","","0.0","","0.0","","","","33","","46",""
"-79.63","43.68","TORONTO INTL A","6158731","2023-09-19","2023","09","19","","20.9","","9.4","","15.2","","2.8","","0.0","","0.0","","0.0","","0.0","","","","29","","41",""
"-79.63","43.68","TORONTO INTL A","6158731","2023-09-20","2023","09","20","","21.1","","7.1","","14.1","","3.9","","0.0","","0.0","","0.0","","0.0","","","","","M","","M"
"-79.63","43.68","TORONTO INTL A","6158731","2023-09-21","2023","09","21","","22.2","","13.4","","17.8","","0.2","","0.0","","0.0","","0.0","","0.0","","","","","M","","M"
"-79.63","43.68","TORONTO INTL A","6158731","2023-09-22","2023","09","22","","22.3","","13.0","","17.7","","0.3","","0.0","","0.0","","0.0","","0.0","","","","","M","","M"
"-79.63","43.68","TORONTO INTL A","6158731","2023-09-23","2023","09","23","","22.4","","11.7","","17.1","","0.9","","0.0","","0.0","","0.0","","0.0","","","","7","","37",""
"-79.63","43.68","TORONTO INTL A","6158731","2023-09-24","2023","09","24","","22.8","","11.9","","17.4","","0.6","","0.0","","0.0","","0.0","","0.0","","","","7","","39",""
"-79.63","43.68","TORONTO INTL A","6158731","2023-09-25","2023","09","25","","24.4","","14.4","","19.4","","0.0","","1.4","","0.0","","0.0","","0.0","","","","11","","43",""
"-79.63","43.68","TORONTO INTL A","6158731","2023-09-26","2023","09","26","","20.3","","15.8","","18.1","","0.0","","0.1","","0.0","","0.0","","0.0","","","","8","","44",""
"-79.63","43.68","TORONTO INTL A","6158731","2023-09-27","2023","09","27","","20.3","","13.3","","16.8","","1.2","","0.0","","0.0","","0.0","","0.0","","","","9","","40",""
"-79.63","43.68","TORONTO INTL A","6158731","2023-09-28","2023","09","28","","18.8","","13.8","","16.3","","1.7","","0.0","","0.8","","0.0","","0.8","","","","10","","39",""
"-79.63","43.68","TORONTO INTL A","6158731","2023-09-29","2023","09","29","","21.4","","11.6","","16.5","","1.5","","0.0","","1.0","","0.0","","1.0","","","","","M","","M"
"-79.63","43.68","TORONTO INTL A","6158731","2023-09-30","2023","09","30","","23.2","","12.2","","17.7","","0.3","","0.0","","0.0","","0.0","","0.0","","","","","M","","M"
"-79.63","43.68","TORONTO INTL A","6158731","2023-10-01","2023","10","01","","26.9","","14.4","","20.7","","0.0","","2.7","","0.0","","0.0","","0.0","","","","","M","","M"
"-79.63","43.68","TORONTO INTL A","6158731","2023-10-02","2023","10","02","","27.3","","15.4","","21.4","","0.0","","3.4","","0.0","","0.0","","0.0","","","","","M","","M"
"-79.63","43.68","TORONTO INTL A","6158731","2023-10-03","2023","10","03","","30.4","","15.8","","23.1","","0.0","","5.1","","0.0","","0.0","","0.0","","","","","M","","M"
"-79.63","43.68","TORONTO INTL A","6158731","2023-10-04","2023","10","04","","27.9","","16.7","","22.3","","0.0","","4.3","","0.0","","0.0","","0.0","","","","","M","","M"
"-79.63","43.68","TORONTO INTL A","6158731","2023-10-05","2023","10","05","","25.9","","17.0","","21.5","","0.0","","3.5","","6.4","","0.0","","6.4","","","","23","","44",""
"-79.63","43.68","TORONTO INTL A","6158731","2023-10-06","2023","10","06","","23.1","","12.0","","17.6","","0.4","","0.0","","6.8","","0.0","","6.8","","","","15","","42",""
"-79.63","43.68","TORONTO INTL A","6158731","2023-10-07","2023","10","07","","15.1","","7.5","","11.3","","6.7","","0.0","","0.6","","0.0","","0.6","","","","25","","48",""
"-79.63","43.68","TORONTO INTL A","6158731","2023-10-08","2023","10","08","","11.1","","7.1","","9.1","","8.9","","0.0","","1.4","","0.0","","1.4","","","","28","","53",""
"-79.63","43.68","TORONTO INTL A","6158731","2023-10-09","2023","10","09","","11.4","","6.7","","9.1","","8.9","","0.0","","0.0","T","0.0","","0.0","T","","","25","","60",""
"-79.63","43.68","TORONTO INTL A","6158731","2023-10-10","2023","10","10","","13.6","","7.0","","10.3","","7.7","","0.0","","3.2","","0.0","","3.2","","","","26","","42",""
"-79.63","43.68","TORONTO INTL A","6158731","2023-10-11","2023","10","11","","16.3","","5.4","","10.9","","7.1","","0.0","","0.0","","0.0","","0.0","","","","26","","41",""
"-79.63","43.68","TORONTO INTL A","6158731","2023-10-12","2023","10","12","","16.0","","4.6","","10.3","","7.7","","0.0","","0.0","","0.0","","0.0","","","","35","","40",""
"-79.63","43.68","TORONTO INTL A","6158731","2023-10-13","2023","10","13","","14.9","","5.0","","10.0","","8.0","","0.0","","0.0","","0.0","","0.0","","","","","M","","M"
"-79.63","43.68","TORONTO INTL A","6158731","2023-10-14","2023","10","14","","13.6","","9.0","","11.3","","6.7","","0.0","","0.0","T","0.0","","0.0","T","","","1","","42",""
"-79.63","43.68","TORONTO INTL A","6158731","2023-10-15","2023","10","15","","10.6","","7.2","","8.9","","9.1","","0.0","","0.0","T","0.0","","0.0","T","","","34","","46",""
"-79.63","43.68","TORONTO INTL A","6158731","2023-10-16","2023","10","16","","13.2","","7.7","","10.5","","7.5","","0.0","","0.0","","0.0","","0.0","","","","35","","56",""
"-79.63","43.68","TORONTO INTL A","6158731","2023-10-17","2023","10","17","","15.9","","6.9","","11.4","","6.6","","0.0","","0.0","","0.0","","0.0","","","","","M","","M"
"-79.63","43.68","TORONTO INTL A","6158731","2023-10-18","2023","10","18","","14.7","","7.8","","11.3","","6.7","","0.0","","0.0","","0.0","","0.0","","","","14","","31",""
"-79.63","43.68","TORONTO INTL A","6158731","2023-10-19","2023","10","19","","16.8","","8.9","","12.9","","5.1","","0.0","","0.2","","0.0","","0.2","","","","16","","40",""
"-79.63","43.68","TORONTO INTL A","6158731","2023-10-20","2023","10","20","","14.4","","9.1","","11.8","","6.2","","0.0","","4.4","","0.0","","4.4","","","","","M","","M"
"-79.63","43.68","TORONTO INTL A","6158731","2023-10-21","2023","10","21","","12.3","","5.8","","9.1","","8.9","","0.0","","0.6","","0.0","","0.6","","","","30","","48",""
"-79.63","43.68","TORONTO INTL A","6158731","2023-10-22","2023","10","22","","11.4","","0.6","","6.0","","12.0","","0.0","","0.8","","0.0","","0.8","","","","32","","59",""
"-79.63","43.68","TORONTO INTL A","6158731","2023-10-23","2023","10","23","","14.2","","-0.2","","7.0","","11.0","","0.0","","0.0","","0.0","","0.0","","","","","M","","M"
"-79.63","43.68","TORONTO INTL A","6158731","2023-10-24","2023","10","24","","20.5","","8.9","","14.7","","3.3","","0.0","","0.0","","0.0","","0.0","","","","18","","38",""
"-79.63","43.68","TORONTO INTL A","6158731","2023-10-25","2023","10","25","","20.8","","15.6","","18.2","","0.0","","0.2","","1.6","","0.0","","1.6","","","","26","","46",""
"-79.63","43.68","TORONTO INTL A","6158731","2023-10-26","2023","10","26","","19.0","","14.2","","16.6","","1.4","","0.0","","6.6","","0.0","","6.6","","","","22","","39",""
"-79.63","43.68","TORONTO INTL A","6158731","2023-10-27","2023","10","27","","23.3","","17.8","","20.6","","0.0","","2.6","","0.0","T","0.0","","0.0","T","","","24","","47",""
"-79.63","43.68","TORONTO INTL A","6158731","2023-10-28","2023","10","28","","18.9","","5.8","","12.4","","5.6","","0.0","","0.2","","0.0","","0.2","","","","33","","53",""
"-79.63","43.68","TORONTO INTL A","6158731","2023-10-29","2023","10","29","","7.4","","3.1","","5.3","","12.7","","0.0","","2.9","","0.0","","2.9","","","","11","","33",""
"-79.63","43.68","TORONTO INTL A","6158731","2023-10-30","2023","10","30","","6.9","","-1.5","","2.7","","15.3","","0.0","","4.4","","0.0","","4.4","","","","33","","47",""
"-79.63","43.68","TORONTO INTL A","6158731","2023-10-31","2023","10","31","","6.6","","-1.3","","2.7","","15.3","","0.0","","0.0","","0.0","","0.0","","","","25","","37",""
"-79.63","43.68","TORONTO INTL A","6158731","2023-11-01","2023","11","01","","5.8","","-2.6","","1.6","","16.4","","0.0","","0.0","","0.0","","0.0","","","","33","","44",""
"-79.63","43.68","TORONTO INTL A","6158731","2023-11-02","2023","11","02","","10.9","","1.5","","6.2","","11.8","","0.0","","0.0","","0.0","","0.0","","","","21","","44",""
"-79.63","43.68","TORONTO INTL A","6158731","2023-11-03","2023","11","03","","15.6","","6.0","","10.8","","7.2","","0.0","","0.0","T","0.0","","0.0","T","","","25","","64",""
"-79.63","43.68","TORONTO INTL A","6158731","2023-11-04","2023","11","04","","11.0","","6.3","","8.7","","9.3","","0.0","","2.6","","0.0","","2.6","","","","26","","41",""
"-79.63","43.68","TORONTO INTL A","6158731","2023-11-05","2023","11","05","","10.4","","2.1","","6.3","","11.7","","0.0","","0.0","","0.0","","0.0","","","","","M","","M"
"-79.63","43.68","TORONTO INTL A","6158731","2023-11-06","2023","11","06","","13.4","","7.2","","10.3","","7.7","","0.0","","4.8","","0.0","","4.8","","","","15","","41",""
"-79.63","43.68","TORONTO INTL A","6158731","2023-11-07","2023","11","07","","13.0","","-0.7","","6.2","","11.8","","0.0","","0.0","T","0.0","","0.0","T","","","31","","55",""
"-79.63","43.68","TORONTO INTL A","6158731","2023-11-08","2023","11","08","","3.7","","-3.2","","0.3","","17.7","","0.0","","18.4","","2.0","","20.4","","","","10","","45",""
"-79.63","43.68","TORONTO INTL A","6158731","2023-11-09","2023","11","09","","11.6","","3.5","","7.6","","10.4","","0.0","","3.6","","0.0","","3.6","","","","26","","53",""
"-79.63","43.68","TORONTO INTL A","6158731","2023-11-10","2023","11","10","","11.2","","0.5","","5.9","","12.1","","0.0","","0.0","","0.0","","0.0","","","","27","","53",""
"-79.63","43.68","TORONTO INTL A","6158731","2023-11-11","2023","11","11","","3.6","","-0.4","","1.6","","16.4","","0.0","","0.0","","0.0","","0.0","","","","","M","","M"
"-79.63","43.68","TORONTO INTL A","6158731","2023-11-12","2023","11","12","","5.3","","-0.7","","2.3","","15.7","","0.0","","0.0","","0.0","","0.0","","","","","M","","M"
"-79.63","43.68","TORONTO INTL A","6158731","2023-11-13","2023","11","13","","14.5","","2.3","","8.4","","9.6","","0.0","","0.0","","0.0","","0.0","","","","30","","57",""
"-79.63","43.68","TORONTO INTL A","6158731","2023-11-14","2023","11","14","","9.5","","3.1","","6.3","","11.7","","0.0","","0.0","","0.0","","0.0","","","","29","","33",""
"-79.63","43.68","TORONTO INTL A","6158731","2023-11-15","2023","11","15","","14.9","","2.0","","8.5","","9.5","","0.0","","0.0","","0.0","","0.0","","","","23","","34",""
"-79.63","43.68","TORONTO INTL A","6158731","2023-11-16","2023","11","16","","12.0","","1.1","","6.6","","11.4","","0.0","","0.0","","0.0","","0.0","","","","","M","","M"
"-79.63","43.68","TORONTO INTL A","6158731","2023-11-17","2023","11","17","","14.5","","1.3","","7.9","","10.1","","0.0","","1.0","","0.0","","1.0","","","","32","","48",""
"-79.63","43.68","TORONTO INTL A","6158731","2023-11-18","2023","11","18","","8.9","","-3.2","","2.9","","15.1","","0.0","","0.0","","0.0","","0.0","","","","23","","41",""
"-79.63","43.68","TORONTO INTL A","6158731","2023-11-19","2023","11","19","","7.0","","-2.0","","2.5","","15.5","","0.0","","0.4","","0.0","","0.4","","","","30","","46",""
"-79.63","43.68","TORONTO INTL A","6158731","2023-11-20","2023","11","20","","1.7","","-5.6","","-2.0","","20.0","","0.0","","0.0","","0.0","","0.0","","","","11","","40",""
"-79.63","43.68","TORONTO INTL A","6158731","2023-11-21","2023","11","21","","5.7","","0.8","","3.3","","14.7","","0.0","","11.4","","0.0","","11.4","","","","10","","45",""
"-79.63","43.68","TORONTO INTL A","6158731","2023-11-22","2023","11","22","","7.3","","0.5","","3.9","","14.1","","0.0","","2.2","","0.0","","2.2","","","","33","","47",""
"-79.63","43.68","TORONTO INTL A","6158731","2023-11-23","2023","11","23","","7.3","","0.5","","3.9","","14.1","","0.0","","0.0","","0.0","","0.0","","","","33","","51",""
"-79.63","43.68","TORONTO INTL A","6158731","2023-11-24","2023","11","24","","0.9","","-4.5","","-1.8","","19.8","","0.0","","0.0","","0.0","T","0.0","T","","","33","","43",""
"-79.63","43.68","TORONTO INTL A","6158731","2023-11-25","2023","11","25","","3.9","","-5.1","","-0.6","","18.6","","0.0","","0.0","","0.0","","0.0","","","","","M","","M"
"-79.63","43.68","TORONTO INTL A","6158731","2023-11-26","2023","11","26","","6.4","","-1.3","","2.6","","15.4","","0.0","","6.6","","0.0","","6.6","","","","24","","37",""
"-79.63","43.68","TORONTO INTL A","6158731","2023-11-27","2023","11","27","","3.3","","-4.8","","-0.8","","18.8","","0.0","","0.0","","0.4","","0.4","","0","T","26","","56",""
"-79.63","43.68","TORONTO INTL A","6158731","2023-11-28","2023","11","28","","-0.9","","-6.0","","-3.5","","21.5","","0.0","","0.0","","0.4","","0.4","","0","T","30","","54",""
"-79.63","43.68","TORONTO INTL A","6158731","2023-11-29","2023","11","29","","0.4","","-4.6","","-2.1","","20.1","","0.0","","0.0","","0.4","","0.4","","0","T","23","","50",""
"-79.63","43.68","TORONTO INTL A","6158731","2023-11-30","2023","11","30","","10.4","","-2.2","","4.1","","13.9","","0.0","","0.0","","0.0","","0.0","","","","23","","46",""
"-79.63","43.68","TORONTO INTL A","6158731","2023-12-01","2023","12","01","","9.1","","0.2","","4.7","","13.3","","0.0","","4.7","","2.4","","9.5","","0","T","36","","35",""
"-79.63","43.68","TORONTO INTL A","6158731","2023-12-02","2023","12","02","","3.1","","1.1","","2.1","","15.9","","0.0","","4.4","","0.0","","4.4","","","","","M","","M"
"-79.63","43.68","TORONTO INTL A","6158731","2023-12-03","2023","12","03","","3.0","","0.7","","1.9","","16.1","","0.0","","3.4","","0.0","","3.4","","","","","M","","M"
"-79.63","43.68","TORONTO INTL A","6158731","2023-12-04","2023","12","04","","3.3","","0.2","","1.8","","16.2","","0.0","","0.0","","0.0","T","0.0","T","","","32","","39",""
"-79.63","43.68","TORONTO INTL A","6158731","2023-12-05","2023","12","05","","2.5","","-0.3","","1.1","","16.9","","0.0","","0.2","","0.4","","0.6","","0","T","29","","35",""
"-79.63","43.68","TORONTO INTL A","6158731","2023-12-06","2023","12","06","","0.5","","-4.1","","-1.8","","19.8","","0.0","","0.0","","0.0","T","0.0","T","0","T","","M","","M"
"-79.63","43.68","TORONTO INTL A","6158731","2023-12-07","2023","12","07","","4.5","","-0.8","","1.9","","16.1","","0.0","","1.8","","4.0","","4.8","","3","","26","","32",""
"-79.63","43.68","TORONTO INTL A","6158731","2023-12-08","2023","12","08","","7.6","","3.3","","5.5","","12.5","","0.0","","0.0","","0.0","","0.0","","","","10","","36",""
"-79.63","43.68","TORONTO INTL A","6158731","2023-12-09","2023","12","09","","13.1","","7.0","","10.1","","7.9","","0.0","","6.6","","0.0","","6.6","","","","20","","42",""
"-79.63","43.68","TORONTO INTL A","6158731","2023-12-10","2023","12","10","","9.9","","0.5","","5.2","","12.8","","0.0","","0.8","","0.0","","0.8","","","","26","","40",""
"-79.63","43.68","TORONTO INTL A","6158731","2023-12-11","2023","12","11","","2.7","","-0.5","","1.1","","16.9","","0.0","","0.0","","0.0","T","0.0","T","","","30","","55",""
"-79.63","43.68","TORONTO INTL A","6158731","2023-12-12","2023","12","12","","5.6","","-1.5","","2.1","","15.9","","0.0","","0.0","","0.0","","0.0","","","","26","","58",""
"-79.63","43.68","TORONTO INTL A","6158731","2023-12-13","2023","12","13","","3.1","","-4.4","","-0.7","","18.7","","0.0","","0.0","","0.0","","0.0","","","","28","","56",""
"-79.63","43.68","TORONTO INTL A","6158731","2023-12-14","2023","12","14","","5.4","","-4.9","","0.3","","17.7","","0.0","","0.0","","0.0","","0.0","","","","22","","37",""
"-79.63","43.68","TORONTO INTL A","6158731","2023-12-15","2023","12","15","","12.7","","2.8","","7.8","","10.2","","0.0","","0.0","","0.0","","0.0","","","","28","","46",""
"-79.63","43.68","TORONTO INTL A","6158731","2023-12-16","2023","12","16","","6.7","","3.2","","5.0","","13.0","","0.0","","0.4","","0.0","","0.4","","","","11","","32",""
"-79.63","43.68","TORONTO INTL A","6158731","2023-12-17","2023","12","17","","7.1","","3.9","","5.5","","12.5","","0.0","","10.9","","0.0","","10.9","","","","","M","","M"
"-79.63","43.68","TORONTO INTL A","6158731","2023-12-18","2023","12","18","","6.4","","-2.6","","1.9","","16.1","","0.0","","1.6","","0.4","","1.8","","0","T","33","","70",""
"-79.63","43.68","TORONTO INTL A","6158731","2023-12-19","2023","12","19","","-0.7","","-4.5","","-2.6","","20.6","","0.0","","0.0","","0.2","","0.2","","0","T","33","","60",""
"-79.63","43.68","TORONTO INTL A","6158731","2023-12-20","2023","12","20","","3.8","","-1.5","","1.2","","16.8","","0.0","","0.0","","0.0","","0.0","","0","T","25","","35",""
"-79.63","43.68","TORONTO INTL A","6158731","2023-12-21","2023","12","21","","2.3","","-4.7","","-1.2","","19.2","","0.0","","0.0","","0.0","","0.0","","","","10","","32",""
"-79.63","43.68","TORONTO INTL A","6158731","2023-12-22","2023","12","22","","0.6","","-4.9","","-2.2","","20.2","","0.0","","0.0","","0.0","","0.0","","","","","M","","M"
"-79.63","43.68","TORONTO INTL A","6158731","2023-12-23","2023","12","23","","4.3","","-0.5","","1.9","","16.1","","0.0","","7.7","","0.0","","7.7","","","","","M","","M"
"-79.63","43.68","TORONTO INTL A","6158731","2023-12-24","2023","12","24","","4.7","","2.1","","3.4","","14.6","","0.0","","0.0","","0.0","","0.0","","","","","M","","M"
"-79.63","43.68","TORONTO INTL A","6158731","2023-12-25","2023","12","25","","6.8","","3.1","","5.0","","13.0","","0.0","","0.0","T","0.0","","0.0","T","","","","M","","M"
"-79.63","43.68","TORONTO INTL A","6158731","2023-12-26","2023","12","26","","7.4","","2.9","","5.2","","12.8","","0.0","","2.6","","0.0","","2.6","","","","","M","","M"
"-79.63","43.68","TORONTO INTL A","6158731","2023-12-27","2023","12","27","","8.2","","6.3","","7.3","","10.7","","0.0","","13.7","","0.0","","13.7","","","","","M","","M"
"-79.63","43.68","TORONTO INTL A","6158731","2023-12-28","2023","12","28","","7.7","","5.8","","6.8","","11.2","","0.0","","5.5","","0.0","","5.5","","","","","M","","M"
"-79.63","43.68","TORONTO INTL A","6158731","2023-12-29","2023","12","29","","6.4","","1.3","","3.9","","14.1","","0.0","","5.0","","0.0","","5.0","","","","35","","34",""
"-79.63","43.68","TORONTO INTL A","6158731","2023-12-30","2023","12","30","","1.3","","-0.9","","0.2","","17.8","","0.0","","0.0","","0.0","","0.0","","","","34","","33",""
"-79.63","43.68","TORONTO INTL A","6158731","2023-12-31","2023","12","31","","1.4","","-1.6","","-0.1","","18.1","","0.0","","0.0","","2.4","","2.4","","0","T","","M","","M"
